Site ,OpenWater,Developed,Forested,Agricultural
chase,0.002867795,0.739030685,0.739030685,0.071694867
riverbend,0.020097617,0.558139535,0.378983635,0.042779213
sandycreek,0.016105417,0.423426061,0.506002928,0.054465593
sbg,0.016124388,0.104808523,0.820616182,0.058450907
